ALTER TABLE specification
MODIFY connection_port VARCHAR(500);
customer_order
INSERT INTO specification (cpu, ram, rom, screen, graphics_card, battery, weight, webcam, operating_system, connection_port, mux_switch)
VALUES ('Intel core i5-1340P (12 cores, 16 Threads, up to 4.6GHz, 12MB cache)', '16GB LPDDR5 4800MHz', 'SSD 512GB M.2 PCIe NVMe', '16'''' FHD+ (1920 x 1200; 16:10) Anti-Glare Non-Touch 250nits WVA Display with ComfortView Support', 'Intel Iris Xe Graphics', '4-Cell, 54Wh', '1.85 kg', 'HD camera', 'Window 11 Home', '2x USB 3.2 Gen 1 Type A
		1x USB Type-C Thunderbolt 4.0 port with DisplayPort and Power Delivery
		1x HDMI 1.4 port
		1x  SD-card slot
		1x Jack tai nghe 3.5mmlaptop
		1x Power-adapter port 4.5 mm x 2.9 mm DC-in', FALSE),
       ('Intel Core i7-1360P (1.6GHz up to 5.0Hz, 12 Cores, 16 Threads, 18MB Cache)', '16GB LPDDR5 4800MHz', 'SSD 512GB M.2 PCIe NVMe', '16'''' FHD+ (1920 x 1200; 16:10) Anti-Glare Non-Touch 250nits WVA Display with ComfortView Support', 'Intel Iris Xe Graphics', '4-Cell, 54Wh', '1.85kg', 'HD camera', 'Window 11 Home', '2x USB 3.2 Gen 1 Type A
		1x USB Type-C Thunderbolt 4.0 port with DisplayPort and Power Delivery
		1x HDMI 1.4 port
		1x  SD-card slot
		1x Jack tai nghe 3.5mm
		1x Power-adapter port 4.5 mm x 2.9 mm DC-in', FALSE),
       ('Intel core i5-1240P (12 MB cache, 12 cores, 16 threads, up to 4.40 GHz Turbo)', '16GB, 2x8 GB, DDR4, 3200MHz', 'SSD 512GB M.2 PCIe NVMe', '16'''' FHD+ (1920 x 1200; 16:10) Anti-Glare Non-Touch 300nits WVA Display with ComfortView Support, 100% sRGB', 'Intel Iris Xe Graphics', '4-Cell, 54Wh', '1.8kg', '1080p at 30 fps FHD camera', 'Window 11 Home', '2x USB 3.2 Gen 1 ports
		1x USB 3.2 Gen 2x2 Type-C port with DisplayPort and Power Delivery
		1x HDMI 1.4 port
		1x Headset jack', FALSE),
       ('AMD Ryzen™ 5 8640HS 6-core/12-thread Processor', '8GB, 1x8GB, DDR5, 5600MHz', 'SSD 512GB M.2 PCIe NVMe', '14'''' FHD+ (1920 x 1200; 16:10) Touch 250nits WVA Display with ComfortView Support, 100% sRGB', 'AMD Radeon™ Graphics', '4-Cell, 54Wh', '1.7kg', '720p 30 fps FHD camera', 'Window 11 Home', '1x HDMI 1.4
		2x USB Type-C ( Power Delivery và DisplayPort)
		2x USB Type-A
		1x SD Card Reader
		1x Headphone & Microphone Audio Jack.', FALSE),
       ('Intel® Core™ i5-13420H (2.00GHz up to 4.60GHz 12MB Cache)', '8GB DDR4 3200MHz', '512GB SSD, PCIe Gen4, 16 Gb/s, NVMe', '15.6'''' FHD (1920 x 1080) IPS, 60Hz, Slim Bezel, Acer ComfyView™', 'NVIDIA® GeForce® RTX™ 2050 4GB GDDR6', '3-Cell, 50Wh', '1.7kg', '1080p at 30 fps FHD camera', 'Window 11 Home', '1 x USB Type-C™ port supporting: USB 3.2 Gen 2, Thunderbolt™ 4
		2 x USB 3.2 Gen 1 Type-A
		1 x HDMI® 2.1 port with HDCP support
		1 x 3.5 mm headphone/speaker jack, supporting headsets with built-in microphone
		1 x Ethernet (RJ-45) port
		1 x DC-in jack for AC adapter', FALSE),
       ('Intel Core Ultra 5-125H (3.60 GHz up to 4.50 GHz, 18MB Cache, 14 cores, 18 threads)', '16GB LPDDR5x 6400MHz', '512GB SSD M.2 NVMe', '14'''' FHD (2880 x 1800) IPS, 120Hz, Slim Bezel, Acer ComfyView™ 400 nits, 100% sRGB', 'Intel Arc Graphics', '4 cell 65Wh', '1.3kg', 'QHD webcam', 'Window 11 Home', '2 x USB 3.2
		2 x Thunderbolt 4
		1 x micro SD card slot
		Audio combo
		1 x HDM', FALSE),
       ('Core i5-12500H 12 cores/ 16 threads ( 3,3 Ghz-4,5 Ghz)', '16GB DDR5 4800MHz', 'SSD 512GB NVMe', '15''''  FHD (1920 x 1080) IPS 144Hz slim bezel LCD', 'NVIDIA® GeForce® RTX 4050 6GB GDDR6', '4 cell 57Wh', '2.4kg', 'HD webcam', 'Window 11 Home', '1 x USB 3.2 Gen 2 port featuring power-off USB charging
		2 x USB 3.2 Gen 1 ports
		1 x USB Type-C port: USB 3.2 Gen 2 (up to 10 Gbps)
		1 x HDMI® port with HDCP suppor', FALSE),
       ('AMD Ryzen 7-7735HS (8 lõi/16 luồng, 16MB L3 cache, up to 4.7 GHz max boost)', '16GB DDR5 4800MHz', '512GB SSD M.2 PCIe Gen4',  '16'''' FHD+ (1920 x 1200) 165Hz, 7ms, 250 nits, Chống chói, FreeSync Premium, 100% sRGB', 'AMD Radeon RX 7700S 8GB GDDR6', '90WHrs 4S1P, 4-cell Li-ion', '2.2kg', 'HD webcam', 'Window 11 Home', '1x RJ45 LAN
		1x USB 3.2 Gen 2 Type-C (DisplayPort)
		1x USB 3.2 Gen 2 Type-C (DisplayPort / Sạc)
		2x USB 3.2 Gen 1 Type-A
		1x HDMI 2.1 FRL
		1x 3.5mm Combo Audio Jack', FALSE),
       ('Intel® Core™ Ultra 7 Processor 155H 1.4 GHz (24MB Cache, up to 4.8 GHz, 16 cores, 22 Threads); Intel® AI Boost NPU', '16GB LPDDR5X 7467MHz', '1TB M.2 PCIe Gen 4 NVMe SSD', '14''''  FHD (1920 x 1200) OLED 16:10 aspect ratio, 500 nits,  100% DCI-P3 color gamut, Touch screen', 'Intel® Arc™ Graphics', '75WHrs, 2S2P, 4-cell Li-ion', '1.28 kg', 'FHD camera', 'Window 11 Home', '1x USB 3.2 Gen 1 Type-A
		2x Thunderbolt™ 4 supports display / power delivery
		1x HDMI 2.1 TMDS
		1x 3.5mm Combo Audio Jack', FALSE),
       ('Intel Core Ultra 5 125H (2.3 GHz up to 4.5 Hz, 14 Cores, 18 Threads, 18MB Cache)', '16GB LPDDR5x 7467MT/s', '512GB SSD PCIe 4.0', '14.5'''' (2560x1600) IPS, LED, 90Hz, 100% sRGB', 'Intel® Arc™ Graphics', '4 cell 85Wh', '1.5 kg', '1080p IR', 'Window 11 Home', '1x USB type C
		1x HDMI 2.1
		1x Thunderbolt
		1x Headphone / mic combo 3.5
		2x USB type A
		1x TGX
		1x Đầu đọc thẻ SD
		1x RJ45', FALSE),
       ('AMD Ryzen™ 7 7435HS (3.10GHz up to 4.50GHz, 4MB L2 / 16MB L3 Cache)', '16GB DDR5 4800 SODIMM', '512GB SSD M.2 2242 PCIe® 4.0x4 NVMe®', '15.6'''' FHD (1920x1080) IPS 300nits Anti-glare, 100% sRGB, 144Hz, G-SYNC®', 'NVIDIA® GeForce RTX™ 4050 6GB GDDR6', '4 cell 60Wh', '2.4 kg', 'HD 720p with E-shutter', 'Window 11 Home', '3x USB-A (USB 5Gbps/USB 3.2 Gen 1)
		1x USB-C® (USB 10Gbps/USB 3.2 Gen 2), with Lenovo® PD 140W and DisplayPort™ 1.4
		1x HDMI® 2.1, up to 8K/60Hz
		1x Headphone/microphone combo jack (3.5mm)
		1x Ethernet (RJ-45)
		1x Power connector', FALSE),
        ('Intel® Core™ i5-13500H Processor (18M Cache, up to 4.70 GHz, 12 Cores, 16 Threads)', '16BG DDR4 3200MHz Soldered, up to 40BG', '1TB M.2 PCIe Gen 4 NVMe SSD', '14" 2.2K(2240x1400) IPS 300 nits, Anti-glare, 100% sRGB, 60Hz', 'UHD Graphics up to Intel Iris Xe Graphics', '4 cell 57Wh', '1,43 kg', 'FHD camera', 'Window 11 Home',
         '1x RJ45, 1x USB-A 3.2(Always On),1x USB-A 2.0, 1x HDMI 2.0, 1x Thunderbolt™ 4',
        FALSE);
-- pause here

INSERT INTO laptop (specification_id, name, brand, price, status, sale, available)
VALUES (1, 'Dell Inspiron 16 5630', 'Dell', 23990000, 'new', 33, TRUE),
        (2, 'Dell Inspiron 16 5630', 'Dell', 26990000, 'new', 20, TRUE),
        (3, 'Dell Inspiron 16 5620', 'Dell', 19990000, 'new', 16, TRUE),
        (4, 'Dell Inspiron 7445 2-in-1 2024', 'Dell', 19990000, 'new', 16, TRUE),
        (5, 'Acer Aspire 5 A515-58GM-53PZ', 'Acer', 19990000, 'new', 15, TRUE),
        (6, 'Acer Swift Go 14 AI SFG14-73-53X7', 'Acer', 23990000, 'new', 8, TRUE),
        (7, 'Acer Nitro 5 AN515-58-56CH', 'Acer', 24990000, 'new', 20, TRUE),
        (8, 'ASUS TUF Gaming A16 Advantage Edition 2023 FA617NT', 'Asus', 27990000, 'new', 20, TRUE),
        (9, 'Asus Zenbook 14 OLED Q425MA 2024', 'Asus', 27990000, 'new', 20, TRUE),
        (10, 'Lenovo Thinkbook 14 G6+ 2024', 'Lenovo', 25990000, 'new', 24, TRUE),
        (11, 'Lenovo LOQ 2024 15ARP9', 'Lenovo', 25990000, 'new', 12, TRUE),
        ( 12, 'Lenovo ThinkPad E14 Gen 5', 'Lenovo', 23990000, 'New', 9, True);
-- pause here

INSERT INTO category (name)
VALUES ( 'Học tập - văn phòng cơ bản'),
       ('Laptop Gaming'),
       ('Laptop Đồ họa - hiệu năng cao'),
       ('Laptop mỏng nhẹ cao cấp'),
       ('Laptop Like new');
-- pause here

INSERT INTO laptop_category(category_id, laptop_id)
VALUES (4, 1), (4, 2), (1, 3),
       (1, 4), (1, 5), (4, 6),
       (2, 7), (2, 8), (4, 9),
       (4, 10), (2, 11), (4, 12);
-- pause here

-- INSERT INTO user(email, name, pass, role)
-- VALUES	('huaduyanh090@gmail.com', 'Hứa Duy Anh', '$2a$10$VN1MG9ERTzFvqyld3phW0OSddS4lpj.IjeoZNr5vYLYrHRiyFXgqW', 'Customer'),
-- 		('huaduyanh2004@gmail.com', 'Hứa Thứ 2', '$2a$10$qEMm./PTcZQaya1U4mbtS.rdGJD8JLG1UNZ3PX2fDSrN8D8k1Uxb2', 'Customer'),
--         ('huaduyanhls123@gmail.com', 'Hứa Thứ 3', '$2a$10$9tUhD9TgotJr20a7ysxbguAiAL6U4FNH..nHAlyWg2epLsiLGFRq6', 'Customer');
-- phần này để làm cảnh, dùng postman để đăng ký với đường dẫn (http://localhost:8080/register)

INSERT INTO status (name, description)
VALUES ('Đang giao', 'Chú ý điện thoại để nhận hàng nhé'),
       ('Đã giao', 'Cho shop xin đánh giá về sản phẩm nhé'),
       ('Đã hủy', 'Mọi thông tin chi tiết hơn xin liên hệ shop');
-- pause here

INSERT INTO cart_detail(laptop_id, user_id, quantity)
VALUES	(1, 1, 1), (2, 1, 1), (4, 1, 1), (5, 1, 1),
		(3, 2, 1), (6, 2, 1), (7, 2, 1), (8, 2, 1),
        (9, 3, 1), (10, 3, 1), (11, 3, 1), (12, 3, 1);
-- pause here

INSERT INTO shipping_method(name, price)
VALUES ('Nhận ở cửa hàng', 0),
       ('Giao hàng nhanh', 30000),
       ('Giao hàng hỏa tốc', 70000);
-- pause here

INSERT INTO customer_order(shipping_address, total_price, shipping_method_id, status_id, user_id)
VALUES	('Số 1, Đường Láng, Quận Đống Đa, Hà Nội', 78997000, 3, 2, 1),
		('Số 10, Phố Huế, Quận Hai Bà Trưng, Hà Nội', 19990000, 2, 1, 1),
        ('Số 50, Đường Kim Mã, Quận Ba Đình, Hà Nội', 39980000, 1, 2, 2),
        ('Số 25, Phố Trần Duy Hưng, Quận Cầu Giấy, Hà Nội', 27990000, 3, 1, 2),
        ('Số 123, Phố Tràng Thi, Quận Hoàn Kiếm, Hà Nội', 55980000, 1, 1, 3);
-- pause here

INSERT INTO order_detail(quantity, unit_price, laptop_id, customer_order_id)
VALUES	(1, 26990000, 2, 1), (1, 25990000, 10, 1), (1, 25990000, 11, 1), (1, 23990000, 5, 2),
		(1, 19990000, 3, 2), (1, 19990000, 4, 2), (1, 27990000, 9, 2),
        (2, 27990000, 8, 3);
-- pause here

INSERT INTO laptop_comment(comment, post_at, update_at, laptop_id, user_id)
VALUES	('Laptop dùng sướng mỗi tội hơi nóng', '2024-10-15 17:48:23', null, 8, 3),
		('Không có gì để chê', '2024-10-10 15:48:23', null, 11, 1),
        ('Sản phẩm này đẹp ghê', '2024-10-15 17:48:23', null, 9, 2);
-- pause here

        
        

